<?xml version="1.0"?>
<!--<!DOCTYPE metadata SYSTEM "http://www.esri.com/metadata/esriprof80.dtd">-->
<metadata xml:lang="th"><Esri><CreaDate>20200512</CreaDate><CreaTime>20583400</CreaTime><SyncOnce>FALSE</SyncOnce><DataProperties><lineage><Process Name="DefineProjection_1" ToolSource="C:\Program Files\ArcGIS\ArcToolbox\Toolboxes\Data Management Tools.tbx\DefineProjection" Date="20060526" Time="094219">DefineProjection D:\gisday\thailand\amphoe.shp PROJCS['Indian_1975_UTM_Zone_47N',GEOGCS['GCS_Indian_1975',DATUM['D_Indian_1975',SPHEROID['Everest_Adjustment_1937',6377276.345,300.8017]],PRIMEM['Greenwich',0.0],UNIT['Degree',0.0174532925199433]],PROJECTION['Transverse_Mercator'],PARAMETER['False_Easting',500000.0],PARAMETER['False_Northing',0.0],PARAMETER['Central_Meridian',99.0],PARAMETER['Scale_Factor',0.9996],PARAMETER['Latitude_Of_Origin',0.0],UNIT['Meter',1.0]] D:\gisday\thailand\amphoe.shp</Process><Process ToolSource="c:\program files (x86)\arcgis\desktop10.1\ArcToolbox\Toolboxes\Data Management Tools.tbx\CalculateField" Date="20150628" Time="175305">CalculateField amphoe PROVINCE_T "บึงกาฬ" VB #</Process><Process ToolSource="c:\program files (x86)\arcgis\desktop10.1\ArcToolbox\Toolboxes\Data Management Tools.tbx\CalculateField" Date="20150628" Time="175319">CalculateField amphoe PROVINCE_E "Bung Kan" VB #</Process><Process ToolSource="c:\program files (x86)\arcgis\desktop10.1\ArcToolbox\Toolboxes\Data Management Tools.tbx\CalculateField" Date="20150628" Time="175619">CalculateField amphoe PROV_CODE 77 VB #</Process><Process ToolSource="c:\program files (x86)\arcgis\desktop10.1\ArcToolbox\Toolboxes\Data Management Tools.tbx\CalculateField" Date="20150628" Time="175723">CalculateField amphoe test [AMP_CODE]+1100 VB #</Process><Process ToolSource="c:\program files (x86)\arcgis\desktop10.1\ArcToolbox\Toolboxes\Data Management Tools.tbx\CalculateField" Date="20150628" Time="175734">CalculateField amphoe AMP_CODE [test] VB #</Process><Process ToolSource="c:\program files (x86)\arcgis\desktop10.1\ArcToolbox\Toolboxes\Data Management Tools.tbx\Dissolve" Date="20150628" Time="175915">Dissolve amphoe C:\RTArcGIS\thai_test.shp PROV_CODE;PROVINCE_E;PROVINCE_T # MULTI_PART DISSOLVE_LINES</Process><Process ToolSource="c:\program files (x86)\arcgis\desktop10.1\ArcToolbox\Toolboxes\Analysis Tools.tbx\SpatialJoin" Date="20150628" Time="180304">SpatialJoin thai_test thal_prov C:\RTArcGIS\thai_test3.shp JOIN_ONE_TO_ONE KEEP_ALL "PROV_CODE "PROV_CODE" true true false 2 Text 0 0 ,First,#,C:\RTArcGIS\thai_test.shp,PROV_CODE,-1,-1;PROVINCE_E "PROVINCE_E" true true false 50 Text 0 0 ,First,#,C:\RTArcGIS\thai_test.shp,PROVINCE_E,-1,-1;PROVINCE_T "PROVINCE_T" true true false 50 Text 0 0 ,First,#,C:\RTArcGIS\thai_test.shp,PROVINCE_T,-1,-1;AREA "AREA" true true false 13 Double 6 12 ,First,#,D:\000_DVD_4TRAIN\ฐานข้อมูลอบรมกรมทรัพยากรธรณี\RT_RSGIS\Thailand\thal_prov.shp,AREA,-1,-1;PERIMETER "PERIMETER" true true false 13 Double 6 12 ,First,#,D:\000_DVD_4TRAIN\ฐานข้อมูลอบรมกรมทรัพยากรธรณี\RT_RSGIS\Thailand\thal_prov.shp,PERIMETER,-1,-1;DISSOLVE_I "DISSOLVE_I" true true false 11 Double 0 11 ,First,#,D:\000_DVD_4TRAIN\ฐานข้อมูลอบรมกรมทรัพยากรธรณี\RT_RSGIS\Thailand\thal_prov.shp,DISSOLVE_I,-1,-1;PROV_CODE_1 "PROV_CODE_1" true true false 2 Text 0 0 ,First,#,D:\000_DVD_4TRAIN\ฐานข้อมูลอบรมกรมทรัพยากรธรณี\RT_RSGIS\Thailand\thal_prov.shp,PROV_CODE,-1,-1;PROVINCE_E_1 "PROVINCE_E_1" true true false 31 Text 0 0 ,First,#,D:\000_DVD_4TRAIN\ฐานข้อมูลอบรมกรมทรัพยากรธรณี\RT_RSGIS\Thailand\thal_prov.shp,PROVINCE_E,-1,-1;PROVINCE_T_1 "PROVINCE_T_1" true true false 32 Text 0 0 ,First,#,D:\000_DVD_4TRAIN\ฐานข้อมูลอบรมกรมทรัพยากรธรณี\RT_RSGIS\Thailand\thal_prov.shp,PROVINCE_T,-1,-1;REG_ID "REG_ID" true true false 2 Short 0 2 ,First,#,D:\000_DVD_4TRAIN\ฐานข้อมูลอบรมกรมทรัพยากรธรณี\RT_RSGIS\Thailand\thal_prov.shp,REG_ID,-1,-1;REGIONTH "REGIONTH" true true false 50 Text 0 0 ,First,#,D:\000_DVD_4TRAIN\ฐานข้อมูลอบรมกรมทรัพยากรธรณี\RT_RSGIS\Thailand\thal_prov.shp,REGIONTH,-1,-1" HAVE_THEIR_CENTER_IN # #</Process></lineage><itemProps><itemName Sync="TRUE">thai_test3</itemName><imsContentType Sync="TRUE">002</imsContentType><itemSize Sync="TRUE">0.000</itemSize><itemLocation><linkage Sync="TRUE">file://\\GCOM072\C$\RTArcGIS\thai_test3.shp</linkage><protocol Sync="TRUE">Local Area Network</protocol></itemLocation></itemProps><coordRef><type Sync="TRUE">Projected</type><geogcsn Sync="TRUE">GCS_Indian_1975</geogcsn><csUnits Sync="TRUE">Linear Unit: Meter (1.000000)</csUnits><projcsn Sync="TRUE">Indian_1975_UTM_Zone_47N</projcsn><peXml Sync="TRUE">&lt;ProjectedCoordinateSystem xsi:type='typens:ProjectedCoordinateSystem' xmlns:xsi='http://www.w3.org/2001/XMLSchema-instance' xmlns:xs='http://www.w3.org/2001/XMLSchema' xmlns:typens='http://www.esri.com/schemas/ArcGIS/10.1'&gt;&lt;WKT&gt;PROJCS[&amp;quot;Indian_1975_UTM_Zone_47N&amp;quot;,GEOGCS[&amp;quot;GCS_Indian_1975&amp;quot;,DATUM[&amp;quot;D_Indian_1975&amp;quot;,SPHEROID[&amp;quot;Everest_Adjustment_1937&amp;quot;,6377276.345,300.8017]],PRIMEM[&amp;quot;Greenwich&amp;quot;,0.0],UNIT[&amp;quot;Degree&amp;quot;,0.0174532925199433]],PROJECTION[&amp;quot;Transverse_Mercator&amp;quot;],PARAMETER[&amp;quot;False_Easting&amp;quot;,500000.0],PARAMETER[&amp;quot;False_Northing&amp;quot;,0.0],PARAMETER[&amp;quot;Central_Meridian&amp;quot;,99.0],PARAMETER[&amp;quot;Scale_Factor&amp;quot;,0.9996],PARAMETER[&amp;quot;Latitude_Of_Origin&amp;quot;,0.0],UNIT[&amp;quot;Meter&amp;quot;,1.0],AUTHORITY[&amp;quot;EPSG&amp;quot;,24047]]&lt;/WKT&gt;&lt;XOrigin&gt;-5120100&lt;/XOrigin&gt;&lt;YOrigin&gt;-9996900&lt;/YOrigin&gt;&lt;XYScale&gt;450499617.61851126&lt;/XYScale&gt;&lt;ZOrigin&gt;-100000&lt;/ZOrigin&gt;&lt;ZScale&gt;10000&lt;/ZScale&gt;&lt;MOrigin&gt;-100000&lt;/MOrigin&gt;&lt;MScale&gt;10000&lt;/MScale&gt;&lt;XYTolerance&gt;0.001&lt;/XYTolerance&gt;&lt;ZTolerance&gt;0.001&lt;/ZTolerance&gt;&lt;MTolerance&gt;0.001&lt;/MTolerance&gt;&lt;HighPrecision&gt;true&lt;/HighPrecision&gt;&lt;WKID&gt;24047&lt;/WKID&gt;&lt;LatestWKID&gt;24047&lt;/LatestWKID&gt;&lt;/ProjectedCoordinateSystem&gt;</peXml></coordRef></DataProperties><SyncDate>20150628</SyncDate><SyncTime>18030300</SyncTime><ModDate>20150628</ModDate><ModTime>18030300</ModTime><ArcGISFormat>1.0</ArcGISFormat></Esri><idinfo><citation><citeinfo><onlink Sync="TRUE">\\RSGIS\C$\52RT_RSGIS\Thailand\amphoe</onlink></citeinfo></citation></idinfo><distInfo><distributor><distorTran><onLineSrc><linkage Sync="TRUE">file://\\RSGIS\C$\52RT_RSGIS\Thailand\amphoe</linkage><protocol Sync="TRUE">Local Area Network</protocol></onLineSrc></distorTran></distributor><distFormat><formatName Sync="TRUE">Shapefile</formatName></distFormat><distTranOps><transSize Sync="TRUE">0.000</transSize></distTranOps></distInfo><dataqual><lineage><procstep><procdesc Sync="TRUE">Dataset copied.</procdesc><srcused Sync="TRUE">C:\rt377_advgis\GIS_THAILAND\amphoe</srcused><procdate Sync="TRUE">20090726</procdate><proctime Sync="TRUE">21321800</proctime></procstep></lineage></dataqual><dataIdInfo><envirDesc Sync="TRUE">Microsoft Windows 7 Version 6.1 (Build 7601) Service Pack 1; Esri ArcGIS 10.1.0.3035</envirDesc><dataLang><languageCode value="tha" Sync="TRUE"></languageCode><countryCode value="THA" Sync="TRUE"></countryCode></dataLang><idCitation><resTitle Sync="TRUE">thai_test3</resTitle><presForm><PresFormCd value="005" Sync="TRUE"></PresFormCd></presForm></idCitation><spatRpType><SpatRepTypCd value="001" Sync="TRUE"></SpatRepTypCd></spatRpType></dataIdInfo><mdLang><languageCode value="tha" Sync="TRUE"></languageCode><countryCode value="THA" Sync="TRUE"></countryCode></mdLang><mdHrLv><ScopeCd value="005" Sync="TRUE"></ScopeCd></mdHrLv><mdHrLvName Sync="TRUE">dataset</mdHrLvName><refSysInfo><RefSystem><refSysID><identCode code="24047" Sync="TRUE" value="24047"></identCode><idCodeSpace Sync="TRUE">EPSG</idCodeSpace><idVersion Sync="TRUE">7.9.4</idVersion></refSysID></RefSystem></refSysInfo><spatRepInfo><VectSpatRep><geometObjs Name="thai_test3"><geoObjTyp><GeoObjTypCd value="002" Sync="TRUE"></GeoObjTypCd></geoObjTyp><geoObjCnt Sync="TRUE">0</geoObjCnt></geometObjs><topLvl><TopoLevCd value="001" Sync="TRUE"></TopoLevCd></topLvl></VectSpatRep></spatRepInfo><spdoinfo><ptvctinf><esriterm Name="thai_test3"><efeatyp Sync="TRUE">Simple</efeatyp><efeageom code="4" Sync="TRUE"></efeageom><esritopo Sync="TRUE">FALSE</esritopo><efeacnt Sync="TRUE">0</efeacnt><spindex Sync="TRUE">FALSE</spindex><linrefer Sync="TRUE">FALSE</linrefer></esriterm></ptvctinf></spdoinfo><eainfo><detailed Name="thai_test3"><enttyp><enttypl Sync="TRUE">thai_test3</enttypl><enttypt Sync="TRUE">Feature Class</enttypt><enttypc Sync="TRUE">0</enttypc></enttyp><attr><attrlabl Sync="TRUE">FID</attrlabl><attalias Sync="TRUE">FID</attalias><attrtype Sync="TRUE">OID</attrtype><attwidth Sync="TRUE">4</attwidth><atprecis Sync="TRUE">0</atprecis><attscale Sync="TRUE">0</attscale><attrdef Sync="TRUE">Internal feature number.</attrdef><attrdefs Sync="TRUE">Esri</attrdefs><attrdomv><udom Sync="TRUE">Sequential unique whole numbers that are automatically generated.</udom></attrdomv></attr><attr><attrlabl Sync="TRUE">Shape</attrlabl><attalias Sync="TRUE">Shape</attalias><attrtype Sync="TRUE">Geometry</attrtype><attwidth Sync="TRUE">0</attwidth><atprecis Sync="TRUE">0</atprecis><attscale Sync="TRUE">0</attscale><attrdef Sync="TRUE">Feature geometry.</attrdef><attrdefs Sync="TRUE">Esri</attrdefs><attrdomv><udom Sync="TRUE">Coordinates defining the features.</udom></attrdomv></attr><attr><attrlabl Sync="TRUE">Join_Count</attrlabl><attalias Sync="TRUE">Join_Count</attalias><attrtype Sync="TRUE">Integer</attrtype><attwidth Sync="TRUE">9</attwidth><atprecis Sync="TRUE">9</atprecis><attscale Sync="TRUE">0</attscale></attr><attr><attrlabl Sync="TRUE">TARGET_FID</attrlabl><attalias Sync="TRUE">TARGET_FID</attalias><attrtype Sync="TRUE">Integer</attrtype><attwidth Sync="TRUE">9</attwidth><atprecis Sync="TRUE">9</atprecis><attscale Sync="TRUE">0</attscale></attr><attr><attrlabl Sync="TRUE">PROV_CODE</attrlabl><attalias Sync="TRUE">PROV_CODE</attalias><attrtype Sync="TRUE">String</attrtype><attwidth Sync="TRUE">2</attwidth><atprecis Sync="TRUE">0</atprecis><attscale Sync="TRUE">0</attscale></attr><attr><attrlabl Sync="TRUE">PROVINCE_E</attrlabl><attalias Sync="TRUE">PROVINCE_E</attalias><attrtype Sync="TRUE">String</attrtype><attwidth Sync="TRUE">50</attwidth><atprecis Sync="TRUE">0</atprecis><attscale Sync="TRUE">0</attscale></attr><attr><attrlabl Sync="TRUE">PROVINCE_T</attrlabl><attalias Sync="TRUE">PROVINCE_T</attalias><attrtype Sync="TRUE">String</attrtype><attwidth Sync="TRUE">50</attwidth><atprecis Sync="TRUE">0</atprecis><attscale Sync="TRUE">0</attscale></attr><attr><attrlabl Sync="TRUE">AREA</attrlabl><attalias Sync="TRUE">AREA</attalias><attrtype Sync="TRUE">Double</attrtype><attwidth Sync="TRUE">13</attwidth><atprecis Sync="TRUE">12</atprecis><attscale Sync="TRUE">6</attscale></attr><attr><attrlabl Sync="TRUE">PERIMETER</attrlabl><attalias Sync="TRUE">PERIMETER</attalias><attrtype Sync="TRUE">Double</attrtype><attwidth Sync="TRUE">13</attwidth><atprecis Sync="TRUE">12</atprecis><attscale Sync="TRUE">6</attscale></attr><attr><attrlabl Sync="TRUE">DISSOLVE_I</attrlabl><attalias Sync="TRUE">DISSOLVE_I</attalias><attrtype Sync="TRUE">Double</attrtype><attwidth Sync="TRUE">11</attwidth><atprecis Sync="TRUE">11</atprecis><attscale Sync="TRUE">0</attscale></attr><attr><attrlabl Sync="TRUE">PROV_CODE_</attrlabl><attalias Sync="TRUE">PROV_CODE_</attalias><attrtype Sync="TRUE">String</attrtype><attwidth Sync="TRUE">2</attwidth><atprecis Sync="TRUE">0</atprecis><attscale Sync="TRUE">0</attscale></attr><attr><attrlabl Sync="TRUE">PROVINCE_1</attrlabl><attalias Sync="TRUE">PROVINCE_1</attalias><attrtype Sync="TRUE">String</attrtype><attwidth Sync="TRUE">31</attwidth><atprecis Sync="TRUE">0</atprecis><attscale Sync="TRUE">0</attscale></attr><attr><attrlabl Sync="TRUE">PROVINCE_2</attrlabl><attalias Sync="TRUE">PROVINCE_2</attalias><attrtype Sync="TRUE">String</attrtype><attwidth Sync="TRUE">32</attwidth><atprecis Sync="TRUE">0</atprecis><attscale Sync="TRUE">0</attscale></attr><attr><attrlabl Sync="TRUE">REG_ID</attrlabl><attalias Sync="TRUE">REG_ID</attalias><attrtype Sync="TRUE">SmallInteger</attrtype><attwidth Sync="TRUE">2</attwidth><atprecis Sync="TRUE">2</atprecis><attscale Sync="TRUE">0</attscale></attr><attr><attrlabl Sync="TRUE">REGIONTH</attrlabl><attalias Sync="TRUE">REGIONTH</attalias><attrtype Sync="TRUE">String</attrtype><attwidth Sync="TRUE">50</attwidth><atprecis Sync="TRUE">0</atprecis><attscale Sync="TRUE">0</attscale></attr></detailed></eainfo><mdDateSt Sync="TRUE">20150628</mdDateSt></metadata>
